Category,Age_coef,Milage_coef,Intercept
Luxury Brand,-1027.1484287579644,-0.14327032926985372,37952.508270897015
Non-Luxury Brand,-676.8813604945811,-0.08766767824374823,24402.05123750774
